<?xml version="1.0" ?>
<odoo>

    <!-- Mail template is done in a NOUPDATE block
         so users can freely customize/delete them -->
    <data noupdate="1">

        <!--Email template -->
        <record id="email_template_edi_payment_group" model="mail.template">
            <field name="name">Customer Payment - Send by Email</field>
            <field name="email_from">${(object.company_id.email or '')|safe}</field>
            <field name="subject">${object.company_id.name|safe} Receipt ${object.display_name or 'n/a'}</field>
            <field name="partner_to">${object.partner_id.id}</field>
            <field name="model_id" ref="account_payment_group.model_account_payment_group"/>
            <field name="auto_delete" eval="True"/>
            <field name="report_name">Receipt_${(object.display_name or '').replace('/','_')}</field>
            <!-- field name="report_template" ref="account_payment_group.action_report_payment_group"/ -->
            <field name="report_template" ref="account_payment_group.account_payment_group_report"/>
            <field name="lang">${object.partner_id.lang}</field>
            <field name="body_html"><![CDATA[
<div style="font-family: 'Lucida Grande', Ubuntu, Arial, Verdana, sans-serif; font-size: 12px; color: rgb(34, 34, 34); background-color: #FFF; ">
    <p>Hello ${object.partner_id.name},</p>
    <p>Here is your receipt from ${object.company_id.name}: </p>

    <p style="border-left: 1px solid #8e0000; margin-left: 30px;">
       &nbsp;&nbsp;<strong>REFERENCES</strong><br />
       &nbsp;&nbsp;Receipt number: <strong>${object.display_name}</strong><br />
       &nbsp;&nbsp;Receipt reference: <strong>${object.communication or 'n/a'}</strong><br />
       &nbsp;&nbsp;Receipt total: <strong>${object.payments_amount}</strong><br />
    </p>

    <p>If you have any question, do not hesitate to contact us.</p>
    <p>Thank you for choosing ${object.company_id.name or 'us'}!</p>
    <br/>
    <br/>
    <div style="width: 375px; margin: 0px; padding: 0px; background-color: #8E0000; border-top-left-radius: 5px 5px; border-top-right-radius: 5px 5px; background-repeat: repeat no-repeat;">
        <h3 style="margin: 0px; padding: 2px 14px; font-size: 12px; color: #DDD;">
            <strong style="text-transform:uppercase;">${object.company_id.name}</strong></h3>
    </div>
    <div style="width: 347px; margin: 0px; padding: 5px 14px; line-height: 16px; background-color: #F2F2F2;">
        <span style="color: #222; margin-bottom: 5px; display: block; ">
        % if object.company_id.street:
            ${object.company_id.street}<br/>
        % endif
        % if object.company_id.street2:
            ${object.company_id.street2}<br/>
        % endif
        % if object.company_id.city or object.company_id.zip:
            ${object.company_id.zip} ${object.company_id.city}<br/>
        % endif
        % if object.company_id.country_id:
            ${object.company_id.state_id and ('%s, ' % object.company_id.state_id.name) or ''} ${object.company_id.country_id.name or ''}<br/>
        % endif
        </span>
        % if object.company_id.phone:
            <div style="margin-top: 0px; margin-right: 0px; margin-bottom: 0px; margin-left: 0px; padding-top: 0px; padding-right: 0px; padding-bottom: 0px; padding-left: 0px; ">
                Phone:&nbsp; ${object.company_id.phone}
            </div>
        % endif
        % if object.company_id.website:
            <div>
                Web :&nbsp;<a href="${object.company_id.website}">${object.company_id.website}</a>
            </div>
        %endif
        <p></p>
    </div>
</div>
            ]]></field>
        </record>
    </data>
</odoo>
